{"_wandb":{"runtime":145},"metrics/total_assets":939140.8683944388,"metrics/gain_loss_pct":-6.085913160556123,"metrics/cash":11244.085445779889,"_step":0,"_runtime":145.6300436,"_timestamp":1.7408183512214882e+09,"metrics/transactions":15110.114543437958,"global_step":189}