{"metrics/total_assets":6.842231050919084e+06,"metrics/transactions":14667.806345141493,"metrics/gain_loss_pct":584.2231050919085,"_wandb":{"runtime":1179},"_timestamp":1.7408277129329462e+09,"metrics/cash":26003.827050348817,"global_step":2048,"_runtime":1179.3166459,"_step":0}