{"_step":0,"metrics/gain_loss_pct":19.77611319640349,"metrics/cash":64233.57801443178,"metrics/total_assets":1.1977611319640349e+06,"global_step":384,"_timestamp":1.7408179955678637e+09,"metrics/transactions":9124.20198225975,"_wandb":{"runtime":251},"_runtime":251.2677134}