{"_timestamp":1.7408174062941353e+09,"_step":0,"metrics/cash":37754.296227422456,"_runtime":618.9041791,"metrics/total_assets":1.639794915109583e+06,"_wandb":{"runtime":618},"metrics/gain_loss_pct":63.9794915109583,"metrics/transactions":14851.56665611267,"global_step":1034}