{"metrics/transactions":4881.534828186035,"_wandb":{"runtime":1224},"_timestamp":1.7408195869119387e+09,"metrics/total_assets":916556.2815509462,"metrics/gain_loss_pct":-8.344371844905385,"_runtime":1224.0467089,"metrics/cash":53900.466603644236,"_step":0,"global_step":2048}